Year,Statistical_District,Male,Female,Total
2025,Rathausviertel,2106,2105,4211
2025,Jakobstraße,993,1147,2140
2025,Krökentorviertel/Breiter Weg NA,1783,1761,3544
2025,Bahnhofsviertel,677,764,1441
2025,Hasselbachplatzviertel,2017,1870,3887
2025,Sternviertel,908,871,1779
2025,Werder,1198,1243,2441
2025,Rotehorn,61,38,99
2025,Großer Werder,232,242,474
2025,Universitätsviertel,966,648,1614
2025,Nordfront,1410,1121,2531
2025,Nordpark,1038,1094,2132
2025,Hohepfortestraße,2503,2429,4932
2025,Neustädter Bahnhof,312,239,551
2025,Wissenschaftshafen,380,234,614
2025,Nicolaiplatz,2381,2402,4783
2025,Moritzplatz,3364,2698,6062
2025,Insleber Straße/Münchenhofstraße,592,341,933
2025,Gröperstraße/Nachtweide,230,152,382
2025,Ohrestraße,173,145,318
2025,Curiesiedlung,1656,1707,3363
2025,Vogelgesang,. ,. ,7
2025,Klosterwuhne,207,209,416
2025,Neustädter Platz,3010,3349,6359
2025,Barleber Straße/Lumumbastraße,2164,1981,4145
2025,Eichenweiler,403,407,810
2025,Neustädter See,8,6,14
2025,Ziolkowskistraße,50,54,104
2025,Barro-See,24,21,45
2025,Hanns-Eisler-Platz/Kannenstieg,2733,2799,5532
2025,Danziger Dorf,230,245,475
2025,Sülzeanger,116,132,248
2025,Gewerbegebiet Neuer Sülzeweg,. ,. ,. 
2025,Neustädter Feld West,1683,1803,3486
2025,Neustädter Feld Ost,1241,1317,2558
2025,Birkenweiler,507,541,1048
2025,Meseberger Weg/Milchweg,1219,1154,2373
2025,Kleiner Silberberg,26,22,48
2025,Milchhof,0,0,0
2025,Sülzegrund Nord,. ,. ,7
2025,Großer Silberberg,0,0,0
2025,Junkerssiedlung,1238,1364,2602
2025,Schäferbrunnen,558,598,1156
2025,Steinkuhle,364,363,727
2025,Lorenzweg/An der Steinkuhle,. ,. ,. 
2025,Alt Olvenstedt Dorf,608,610,1218
2025,Weizengrund,286,316,602
2025,Siedlung Birkenallee,383,402,785
2025,Agrarstraße,16,23,39
2025,Olvenstedter Röthe,571,553,1124
2025,Gneisenauring,2425,2578,5003
2025,Marktbreite,1180,1187,2367
2025,Sternbogen,1831,1658,3489
2025,Fliedergrund,191,228,419
2025,Düppler Mühle,371,386,757
2025,Bördegarten,25,32,57
2025,Krankenhaus Olvenstedt,0,0,0
2025,Damaschkeplatz,420,428,848
2025,Adelheidring,1243,1329,2572
2025,Schellheimerplatz,2662,2552,5214
2025,St.Pauli/Alexander-Puschkin-Straße,1684,1630,3314
2025,Olvenstedter Platz,4034,4207,8241
2025,Westernplan,2117,2331,4448
2025,Albert-Vater-Straße,99,90,189
2025,Fort V,75,80,155
2025,Schlachthof,128,155,283
2025,Westfriedhof,0,0,0
2025,Beimssiedlung,1417,1691,3108
2025,Spielhagensiedlung,921,1081,2002
2025,Pestalozzistraße,1165,1329,2494
2025,Schroteanger,951,1000,1951
2025,Marienstift,86,145,231
2025,Lindenweiler,1256,1379,2635
2025,Harsdorfer Berg,370,397,767
2025,Kümmelsberg,252,235,487
2025,Liebknechtstraße,396,393,789
2025,Alt Diesdorf,436,452,888
2025,Niederndodeleber Straße,602,611,1213
2025,Hohendodeleber Weg,748,735,1483
2025,Umspannwerk,280,279,559
2025,Junkerberg,0,0,0
2025,Sudenburger Bahnhof,13,10,23
2025,Am Glacis,420,334,754
2025,Jordanstraße,799,841,1640
2025,Wormser Platz,2350,2129,4479
2025,Fichtestraße/Ambrosiusplatz,1821,1714,3535
2025,Salzmannstraße,1460,1238,2698
2025,Kroatenhügel,1073,1203,2276
2025,Friedenshöhe,529,626,1155
2025,Fabriciusstraße,666,681,1347
2025,Otto-Richter-Straße,425,386,811
2025,Alt Ottersleben,1058,1110,2168
2025,Benneckenbeck,437,428,865
2025,Osterweddinger Siedlung,572,607,1179
2025,Frankefelde,1278,1353,2631
2025,Klein Ottersleben,396,424,820
2025,Thauberg,1121,1252,2373
2025,Halberstädter Chaussee,78,84,162
2025,Werner-von-Siemens-Ring,. ,. ,6
2025,Eulegraben,0,0,0
2025,Alt Lemsdorf,587,580,1167
2025,Kleiner Harz,265,288,553
2025,Goslarer Straße,82,76,158
2025,Ballenstedter Straße,187,194,381
2025,Helmholtzstraße,1831,1872,3703
2025,Kristallpalast,592,648,1240
2025,Semmelweisstraße,1404,1691,3095
2025,Fermersleber Weg,261,268,529
2025,Universitätsklinikum,83,142,225
2025,Schilfbreite,3101,2967,6068
2025,Insel,875,738,1613
2025,Alt Reform,946,1008,1954
2025,Quittenweg,892,1006,1898
2025,Neu Reform,2641,3218,5859
2025,Planeten- und SKL-Siedlung,725,731,1456
2025,Bördecenter,305,294,599
2025,Hopfengarten,906,921,1827
2025,Lindenhof,580,534,1114
2025,Fauler Grund,735,719,1454
2025,Flugplatz,. ,. ,6
2025,Großer Wiesengraben,. ,0,. 
2025,Engpaß,2202,1998,4200
2025,Bleckenburgstraße/Jahnring,931,1051,1982
2025,Klosterbergegarten,0,0,0
2025,Gewerbegebiet Buckau,394,360,754
2025,Siedlung Fermersleben,1116,1097,2213
2025,Alt Fermersleben,815,643,1458
2025,Salbker Seen,4,5,9
2025,Alt Salbke,714,564,1278
2025,Unterhorstweg,946,808,1754
2025,Gewerbegebiet Salbke,29,26,55
2025,Lüttgen-Salbke,603,600,1203
2025,Friedrich-List-Straße,5,7,12
2025,Am Spionskopf,165,145,310
2025,Fahlberg List,0,0,0
2025,Sohlener Berge,. ,0,. 
2025,Alt Westerhüsen,453,405,858
2025,Wohngebiet Welsleber Straße,537,542,1079
2025,Gewerbegebiet Welsleber Straße,175,190,365
2025,Westerhüsener Park,465,475,940
2025,Neue Siedlung,71,80,151
2025,Frohser Berg,. ,0,. 
2025,Heumarkt,638,651,1289
2025,Dessauer Straße,948,1030,1978
2025,Gübser Weg,113,107,220
2025,Steinwiese,388,371,759
2025,Puppendorf,267,260,527
2025,Neugrüneberg,383,375,758
2025,Stadion Neue Welt,12,7,19
2025,Friedensweiler,168,174,342
2025,Berliner Chaussee,27,22,49
2025,Alt Cracau,1526,1660,3186
2025,Siedlung Cracau,1602,1707,3309
2025,Wiesengrund/Zur Pappel,649,744,1393
2025,Stadion,17,10,27
2025,Prester,988,987,1975
2025,Prestersee,. ,. ,5
2025,Zipkeleben,149,136,285
2025,Kreuzhorst,0,0,0
2025,Cracauer Anger,681,585,1266
2025,Herrenkrug/Biederitzer Busch,14,10,24
2025,Alt Rothensee,976,917,1893
2025,Hillersleber Straße,288,247,535
2025,Siedlung Rothensee,318,330,648
2025,Gewerbegebiet Windmühlenstraße,25,32,57
2025,Bahnhof Rothensee,16,7,23
2025,Industriehafen,261,25,286
2025,Hafen,0,0,0
2025,August-Bebel-Damm,8,7,15
2025,Barleber Wiese,0,0,0
2025,Barleber See I,. ,. ,7
2025,Barleber See II,0,0,0
2025,Schiffshebewerk,33,35,68
2025,Autobahnanschlußstelle,0,0,0
2025,Schrote/Autobahn,0,0,0
2025,Pechau,269,262,531
2025,Randau,230,214,444
2025,Calenberge,41,45,86
2025,Beyendorf,335,337,672
2025,Sohlen,299,285,584
2025,Magdeburg,122811,123023,245834
2024,Rathausviertel,2020,2075,4095
2024,Jakobstraße,1002,1176,2178
2024,Krökentorviertel/Breiter Weg NA,1717,1764,3481
2024,Bahnhofsviertel,685,762,1447
2024,Hasselbachplatzviertel,2018,1856,3874
2024,Sternviertel,913,886,1799
2024,Werder,1151,1221,2372
2024,Rotehorn,61,41,102
2024,Großer Werder,232,248,480
2024,Universitätsviertel,1013,643,1656
2024,Nordfront,1426,1136,2562
2024,Nordpark,1004,1086,2090
2024,Hohepfortestraße,2447,2375,4822
2024,Neustädter Bahnhof,315,252,567
2024,Wissenschaftshafen,285,164,449
2024,Nicolaiplatz,2420,2388,4808
2024,Moritzplatz,3229,2716,5945
2024,Insleber Straße/Münchenhofstraße,589,373,962
2024,Gröperstraße/Nachtweide,230,144,374
2024,Ohrestraße,179,151,330
2024,Curiesiedlung,1676,1736,3412
2024,Vogelgesang,. ,. ,7
2024,Klosterwuhne,198,207,405
2024,Neustädter Platz,3002,3346,6348
2024,Barleber Straße/Lumumbastraße,2186,2020,4206
2024,Eichenweiler,392,415,807
2024,Neustädter See,8,6,14
2024,Ziolkowskistraße,49,57,106
2024,Barro-See,24,21,45
2024,Hanns-Eisler-Platz/Kannenstieg,2703,2823,5526
2024,Danziger Dorf,223,245,468
2024,Sülzeanger,122,132,254
2024,Gewerbegebiet Neuer Sülzeweg,. ,. ,. 
2024,Neustädter Feld West,1714,1797,3511
2024,Neustädter Feld Ost,1253,1364,2617
2024,Birkenweiler,512,555,1067
2024,Meseberger Weg/Milchweg,1240,1169,2409
2024,Kleiner Silberberg,24,22,46
2024,Milchhof,0,0,0
2024,Sülzegrund Nord,. ,. ,7
2024,Großer Silberberg,0,0,0
2024,Junkerssiedlung,1252,1379,2631
2024,Schäferbrunnen,559,590,1149
2024,Steinkuhle,359,361,720
2024,Lorenzweg/An der Steinkuhle,. ,0,. 
2024,Alt Olvenstedt Dorf,615,613,1228
2024,Weizengrund,293,324,617
2024,Siedlung Birkenallee,377,403,780
2024,Agrarstraße,18,24,42
2024,Olvenstedter Röthe,575,562,1137
2024,Gneisenauring,2409,2593,5002
2024,Marktbreite,1162,1174,2336
2024,Sternbogen,1808,1672,3480
2024,Fliedergrund,194,227,421
2024,Düppler Mühle,375,385,760
2024,Bördegarten,24,28,52
2024,Krankenhaus Olvenstedt,0,0,0
2024,Damaschkeplatz,418,419,837
2024,Adelheidring,1230,1348,2578
2024,Schellheimerplatz,2701,2583,5284
2024,St.Pauli/Alexander-Puschkin-Straße,1705,1599,3304
2024,Olvenstedter Platz,4010,4194,8204
2024,Westernplan,2120,2345,4465
2024,Albert-Vater-Straße,95,90,185
2024,Fort V,74,82,156
2024,Schlachthof,126,156,282
2024,Westfriedhof,0,0,0
2024,Beimssiedlung,1413,1700,3113
2024,Spielhagensiedlung,910,1066,1976
2024,Pestalozzistraße,1163,1332,2495
2024,Schroteanger,937,1019,1956
2024,Marienstift,79,151,230
2024,Lindenweiler,1256,1398,2654
2024,Harsdorfer Berg,374,399,773
2024,Kümmelsberg,249,240,489
2024,Liebknechtstraße,389,370,759
2024,Alt Diesdorf,425,445,870
2024,Niederndodeleber Straße,601,604,1205
2024,Hohendodeleber Weg,747,736,1483
2024,Umspannwerk,266,252,518
2024,Junkerberg,0,0,0
2024,Sudenburger Bahnhof,12,11,23
2024,Am Glacis,396,327,723
2024,Jordanstraße,792,839,1631
2024,Wormser Platz,2358,2110,4468
2024,Fichtestraße/Ambrosiusplatz,1796,1719,3515
2024,Salzmannstraße,1379,1182,2561
2024,Kroatenhügel,1063,1221,2284
2024,Friedenshöhe,529,625,1154
2024,Fabriciusstraße,654,696,1350
2024,Otto-Richter-Straße,405,371,776
2024,Alt Ottersleben,1071,1116,2187
2024,Benneckenbeck,433,429,862
2024,Osterweddinger Siedlung,589,611,1200
2024,Frankefelde,1282,1366,2648
2024,Klein Ottersleben,380,395,775
2024,Thauberg,1151,1267,2418
2024,Halberstädter Chaussee,83,83,166
2024,Werner-von-Siemens-Ring,. ,. ,9
2024,Eulegraben,0,0,0
2024,Alt Lemsdorf,589,571,1160
2024,Kleiner Harz,264,292,556
2024,Goslarer Straße,81,78,159
2024,Ballenstedter Straße,168,171,339
2024,Helmholtzstraße,1864,1867,3731
2024,Kristallpalast,582,644,1226
2024,Semmelweisstraße,1390,1678,3068
2024,Fermersleber Weg,257,264,521
2024,Universitätsklinikum,89,152,241
2024,Schilfbreite,3076,2984,6060
2024,Insel,884,752,1636
2024,Alt Reform,949,1042,1991
2024,Quittenweg,886,1013,1899
2024,Neu Reform,2633,3223,5856
2024,Planeten- und SKL-Siedlung,734,731,1465
2024,Bördecenter,301,285,586
2024,Hopfengarten,894,922,1816
2024,Lindenhof,594,547,1141
2024,Fauler Grund,760,720,1480
2024,Flugplatz,. ,. ,6
2024,Großer Wiesengraben,4,0,4
2024,Engpaß,2188,2013,4201
2024,Bleckenburgstraße/Jahnring,951,1073,2024
2024,Klosterbergegarten,0,0,0
2024,Gewerbegebiet Buckau,360,371,731
2024,Siedlung Fermersleben,1110,1074,2184
2024,Alt Fermersleben,788,647,1435
2024,Salbker Seen,4,4,8
2024,Alt Salbke,742,584,1326
2024,Unterhorstweg,994,791,1785
2024,Gewerbegebiet Salbke,27,24,51
2024,Lüttgen-Salbke,612,612,1224
2024,Friedrich-List-Straße,6,7,13
2024,Am Spionskopf,170,148,318
2024,Fahlberg List,0,0,0
2024,Sohlener Berge,1,2,3
2024,Alt Westerhüsen,440,392,832
2024,Wohngebiet Welsleber Straße,532,530,1062
2024,Gewerbegebiet Welsleber Straße,171,190,361
2024,Westerhüsener Park,457,474,931
2024,Neue Siedlung,70,75,145
2024,Frohser Berg,. ,0,. 
2024,Heumarkt,620,659,1279
2024,Dessauer Straße,945,1028,1973
2024,Gübser Weg,118,109,227
2024,Steinwiese,384,359,743
2024,Puppendorf,268,271,539
2024,Neugrüneberg,385,383,768
2024,Stadion Neue Welt,13,7,20
2024,Friedensweiler,162,177,339
2024,Berliner Chaussee,25,22,47
2024,Alt Cracau,1542,1684,3226
2024,Siedlung Cracau,1535,1645,3180
2024,Wiesengrund/Zur Pappel,662,743,1405
2024,Stadion,18,10,28
2024,Prester,1006,1000,2006
2024,Prestersee,. ,. ,5
2024,Zipkeleben,152,138,290
2024,Kreuzhorst,0,0,0
2024,Cracauer Anger,780,581,1361
2024,Herrenkrug/Biederitzer Busch,12,11,23
2024,Alt Rothensee,980,964,1944
2024,Hillersleber Straße,286,239,525
2024,Siedlung Rothensee,296,316,612
2024,Gewerbegebiet Windmühlenstraße,26,33,59
2024,Bahnhof Rothensee,15,8,23
2024,Industriehafen,286,25,311
2024,Hafen,0,0,0
2024,August-Bebel-Damm,8,6,14
2024,Barleber Wiese,0,0,0
2024,Barleber See I,. ,. ,7
2024,Barleber See II,0,0,0
2024,Schiffshebewerk,36,37,73
2024,Autobahnanschlußstelle,0,0,0
2024,Schrote/Autobahn,0,0,0
2024,Pechau,266,261,527
2024,Randau,236,220,456
2024,Calenberge,43,47,90
2024,Beyendorf,332,339,671
2024,Sohlen,310,291,601
2024,Magdeburg,122343,123178,245521
2023,Rathausviertel,1952,2071,4023
2023,Jakobstraße,953,1152,2105
2023,Krökentorviertel/Breiter Weg NA,1698,1760,3458
2023,Bahnhofsviertel,679,728,1407
2023,Hasselbachplatzviertel,1976,1824,3800
2023,Sternviertel,953,873,1826
2023,Werder,1166,1234,2400
2023,Rotehorn,57,44,101
2023,Großer Werder,234,246,480
2023,Universitätsviertel,932,600,1532
2023,Nordfront,1378,1097,2475
2023,Nordpark,1001,1080,2081
2023,Hohepfortestraße,2442,2378,4820
2023,Neustädter Bahnhof,300,230,530
2023,Wissenschaftshafen,248,169,417
2023,Nicolaiplatz,2372,2376,4748
2023,Moritzplatz,3093,2692,5785
2023,Insleber Straße/Münchenhofstraße,578,355,933
2023,Gröperstraße/Nachtweide,213,140,353
2023,Ohrestraße,171,151,322
2023,Curiesiedlung,1652,1718,3370
2023,Vogelgesang,. ,. ,7
2023,Klosterwuhne,208,214,422
2023,Neustädter Platz,2928,3291,6219
2023,Barleber Straße/Lumumbastraße,2116,2045,4161
2023,Eichenweiler,402,415,817
2023,Neustädter See,5,5,10
2023,Ziolkowskistraße,47,55,102
2023,Barro-See,22,19,41
2023,Hanns-Eisler-Platz/Kannenstieg,2578,2774,5352
2023,Danziger Dorf,233,261,494
2023,Sülzeanger,114,138,252
2023,Gewerbegebiet Neuer Sülzeweg,. ,. ,. 
2023,Neustädter Feld West,1723,1764,3487
2023,Neustädter Feld Ost,1252,1355,2607
2023,Birkenweiler,509,554,1063
2023,Meseberger Weg/Milchweg,1247,1181,2428
2023,Kleiner Silberberg,24,22,46
2023,Milchhof,0,0,0
2023,Sülzegrund Nord,. ,. ,7
2023,Großer Silberberg,0,0,0
2023,Junkerssiedlung,1249,1388,2637
2023,Schäferbrunnen,575,592,1167
2023,Steinkuhle,361,354,715
2023,Lorenzweg/An der Steinkuhle,. ,0,. 
2023,Alt Olvenstedt Dorf,618,615,1233
2023,Weizengrund,294,322,616
2023,Siedlung Birkenallee,392,413,805
2023,Agrarstraße,19,25,44
2023,Olvenstedter Röthe,575,569,1144
2023,Gneisenauring,2393,2611,5004
2023,Marktbreite,1127,1142,2269
2023,Sternbogen,1764,1668,3432
2023,Fliedergrund,203,232,435
2023,Düppler Mühle,376,392,768
2023,Bördegarten,23,29,52
2023,Krankenhaus Olvenstedt,0,0,0
2023,Damaschkeplatz,410,405,815
2023,Adelheidring,1221,1367,2588
2023,Schellheimerplatz,2643,2608,5251
2023,St.Pauli/Alexander-Puschkin-Straße,1696,1632,3328
2023,Olvenstedter Platz,3993,4199,8192
2023,Westernplan,2120,2326,4446
2023,Albert-Vater-Straße,94,81,175
2023,Fort V,79,86,165
2023,Schlachthof,115,147,262
2023,Westfriedhof,0,0,0
2023,Beimssiedlung,1396,1700,3096
2023,Spielhagensiedlung,939,1074,2013
2023,Pestalozzistraße,1160,1323,2483
2023,Schroteanger,947,1033,1980
2023,Marienstift,79,143,222
2023,Lindenweiler,1259,1416,2675
2023,Harsdorfer Berg,382,389,771
2023,Kümmelsberg,256,248,504
2023,Liebknechtstraße,374,360,734
2023,Alt Diesdorf,434,461,895
2023,Niederndodeleber Straße,591,612,1203
2023,Hohendodeleber Weg,764,749,1513
2023,Umspannwerk,189,165,354
2023,Junkerberg,0,0,0
2023,Sudenburger Bahnhof,14,16,30
2023,Am Glacis,340,332,672
2023,Jordanstraße,824,852,1676
2023,Wormser Platz,2227,2093,4320
2023,Fichtestraße/Ambrosiusplatz,1768,1642,3410
2023,Salzmannstraße,1368,1209,2577
2023,Kroatenhügel,1066,1262,2328
2023,Friedenshöhe,538,626,1164
2023,Fabriciusstraße,654,709,1363
2023,Otto-Richter-Straße,405,385,790
2023,Alt Ottersleben,1076,1127,2203
2023,Benneckenbeck,437,430,867
2023,Osterweddinger Siedlung,588,623,1211
2023,Frankefelde,1282,1352,2634
2023,Klein Ottersleben,389,387,776
2023,Thauberg,1148,1269,2417
2023,Halberstädter Chaussee,95,96,191
2023,Werner-von-Siemens-Ring,. ,. ,11
2023,Eulegraben,0,0,0
2023,Alt Lemsdorf,601,567,1168
2023,Kleiner Harz,257,292,549
2023,Goslarer Straße,75,78,153
2023,Ballenstedter Straße,159,166,325
2023,Helmholtzstraße,1839,1834,3673
2023,Kristallpalast,551,655,1206
2023,Semmelweisstraße,1358,1648,3006
2023,Fermersleber Weg,245,257,502
2023,Universitätsklinikum,98,162,260
2023,Schilfbreite,2953,3003,5956
2023,Insel,825,670,1495
2023,Alt Reform,942,1044,1986
2023,Quittenweg,904,1044,1948
2023,Neu Reform,2642,3229,5871
2023,Planeten- und SKL-Siedlung,732,722,1454
2023,Bördecenter,311,290,601
2023,Hopfengarten,908,931,1839
2023,Lindenhof,591,551,1142
2023,Fauler Grund,758,722,1480
2023,Flugplatz,. ,. ,7
2023,Großer Wiesengraben,4,0,4
2023,Engpaß,2089,1974,4063
2023,Bleckenburgstraße/Jahnring,960,1069,2029
2023,Klosterbergegarten,0,0,0
2023,Gewerbegebiet Buckau,328,332,660
2023,Siedlung Fermersleben,1092,1052,2144
2023,Alt Fermersleben,778,656,1434
2023,Salbker Seen,4,4,8
2023,Alt Salbke,696,573,1269
2023,Unterhorstweg,985,786,1771
2023,Gewerbegebiet Salbke,22,22,44
2023,Lüttgen-Salbke,603,608,1211
2023,Friedrich-List-Straße,5,7,12
2023,Am Spionskopf,170,148,318
2023,Fahlberg List,0,0,0
2023,Sohlener Berge,. ,. ,. 
2023,Alt Westerhüsen,457,406,863
2023,Wohngebiet Welsleber Straße,532,516,1048
2023,Gewerbegebiet Welsleber Straße,163,175,338
2023,Westerhüsener Park,465,485,950
2023,Neue Siedlung,72,70,142
2023,Frohser Berg,. ,. ,5
2023,Heumarkt,587,615,1202
2023,Dessauer Straße,924,1047,1971
2023,Gübser Weg,112,106,218
2023,Steinwiese,369,345,714
2023,Puppendorf,276,276,552
2023,Neugrüneberg,388,390,778
2023,Stadion Neue Welt,14,8,22
2023,Friedensweiler,168,186,354
2023,Berliner Chaussee,23,22,45
2023,Alt Cracau,1559,1699,3258
2023,Siedlung Cracau,1586,1679,3265
2023,Wiesengrund/Zur Pappel,664,735,1399
2023,Stadion,17,7,24
2023,Prester,1012,1007,2019
2023,Prestersee,. ,0,. 
2023,Zipkeleben,152,138,290
2023,Kreuzhorst,0,0,0
2023,Cracauer Anger,840,578,1418
2023,Herrenkrug/Biederitzer Busch,10,12,22
2023,Alt Rothensee,992,949,1941
2023,Hillersleber Straße,289,235,524
2023,Siedlung Rothensee,255,256,511
2023,Gewerbegebiet Windmühlenstraße,29,33,62
2023,Bahnhof Rothensee,18,10,28
2023,Industriehafen,279,27,306
2023,Hafen,0,0,0
2023,August-Bebel-Damm,12,8,20
2023,Barleber Wiese,0,0,0
2023,Barleber See I,. ,. ,7
2023,Barleber See II,0,0,0
2023,Schiffshebewerk,36,39,75
2023,Autobahnanschlußstelle,0,0,0
2023,Schrote/Autobahn,0,0,0
2023,Pechau,271,261,532
2023,Randau,236,227,463
2023,Calenberge,45,48,93
2023,Beyendorf,333,332,665
2023,Sohlen,306,285,591
2023,Magdeburg,120795,122624,243419
2022,Rathausviertel,1986,2133,4119
2022,Jakobstraße,941,1176,2117
2022,Krökentorviertel/Breiter Weg NA,1710,1804,3514
2022,Bahnhofsviertel,616,696,1312
2022,Hasselbachplatzviertel,1976,1838,3814
2022,Sternviertel,933,879,1812
2022,Werder,1206,1237,2443
2022,Rotehorn,57,43,100
2022,Großer Werder,236,245,481
2022,Universitätsviertel,934,578,1512
2022,Nordfront,1317,1117,2434
2022,Nordpark,981,1076,2057
2022,Hohepfortestraße,2440,2424,4864
2022,Neustädter Bahnhof,318,231,549
2022,Wissenschaftshafen,248,154,402
2022,Nicolaiplatz,2333,2366,4699
2022,Moritzplatz,3006,2635,5641
2022,Insleber Straße/Münchenhofstraße,527,348,875
2022,Gröperstraße/Nachtweide,205,121,326
2022,Ohrestraße,171,155,326
2022,Curiesiedlung,1680,1765,3445
2022,Vogelgesang,. ,. ,8
2022,Klosterwuhne,215,225,440
2022,Neustädter Platz,2883,3252,6135
2022,Barleber Straße/Lumumbastraße,2060,2020,4080
2022,Eichenweiler,401,420,821
2022,Neustädter See,6,7,13
2022,Ziolkowskistraße,48,59,107
2022,Barro-See,22,18,40
2022,Hanns-Eisler-Platz/Kannenstieg,2541,2794,5335
2022,Danziger Dorf,225,261,486
2022,Sülzeanger,106,148,254
2022,Gewerbegebiet Neuer Sülzeweg,. ,. ,. 
2022,Neustädter Feld West,1730,1747,3477
2022,Neustädter Feld Ost,1242,1373,2615
2022,Birkenweiler,513,568,1081
2022,Meseberger Weg/Milchweg,1257,1203,2460
2022,Kleiner Silberberg,24,22,46
2022,Milchhof,0,0,0
2022,Sülzegrund Nord,5,5,10
2022,Großer Silberberg,0,0,0
2022,Junkerssiedlung,1249,1391,2640
2022,Schäferbrunnen,565,580,1145
2022,Steinkuhle,358,352,710
2022,Lorenzweg/An der Steinkuhle,. ,. ,4
2022,Alt Olvenstedt Dorf,633,631,1264
2022,Weizengrund,301,322,623
2022,Siedlung Birkenallee,386,411,797
2022,Agrarstraße,18,25,43
2022,Olvenstedter Röthe,593,578,1171
2022,Gneisenauring,2399,2573,4972
2022,Marktbreite,1094,1074,2168
2022,Sternbogen,1734,1652,3386
2022,Fliedergrund,209,228,437
2022,Düppler Mühle,375,391,766
2022,Bördegarten,19,34,53
2022,Krankenhaus Olvenstedt,0,0,0
2022,Damaschkeplatz,408,404,812
2022,Adelheidring,1218,1339,2557
2022,Schellheimerplatz,2633,2697,5330
2022,St.Pauli/Alexander-Puschkin-Straße,1711,1668,3379
2022,Olvenstedter Platz,3934,4252,8186
2022,Westernplan,2116,2365,4481
2022,Albert-Vater-Straße,89,71,160
2022,Fort V,80,88,168
2022,Schlachthof,111,123,234
2022,Westfriedhof,0,0,0
2022,Beimssiedlung,1405,1692,3097
2022,Spielhagensiedlung,911,1070,1981
2022,Pestalozzistraße,1200,1328,2528
2022,Schroteanger,981,1051,2032
2022,Marienstift,85,149,234
2022,Lindenweiler,1257,1433,2690
2022,Harsdorfer Berg,394,393,787
2022,Kümmelsberg,256,242,498
2022,Liebknechtstraße,388,362,750
2022,Alt Diesdorf,440,456,896
2022,Niederndodeleber Straße,601,616,1217
2022,Hohendodeleber Weg,773,753,1526
2022,Umspannwerk,142,119,261
2022,Junkerberg,0,0,0
2022,Sudenburger Bahnhof,14,17,31
2022,Am Glacis,335,337,672
2022,Jordanstraße,829,852,1681
2022,Wormser Platz,2277,2091,4368
2022,Fichtestraße/Ambrosiusplatz,1781,1670,3451
2022,Salzmannstraße,1268,1225,2493
2022,Kroatenhügel,1028,1259,2287
2022,Friedenshöhe,548,620,1168
2022,Fabriciusstraße,663,743,1406
2022,Otto-Richter-Straße,416,416,832
2022,Alt Ottersleben,1114,1146,2260
2022,Benneckenbeck,438,435,873
2022,Osterweddinger Siedlung,598,646,1244
2022,Frankefelde,1275,1313,2588
2022,Klein Ottersleben,398,394,792
2022,Thauberg,1171,1297,2468
2022,Halberstädter Chaussee,101,113,214
2022,Werner-von-Siemens-Ring,10,6,16
2022,Eulegraben,0,0,0
2022,Alt Lemsdorf,593,557,1150
2022,Kleiner Harz,261,297,558
2022,Goslarer Straße,76,75,151
2022,Ballenstedter Straße,167,165,332
2022,Helmholtzstraße,1839,1820,3659
2022,Kristallpalast,539,610,1149
2022,Semmelweisstraße,1342,1680,3022
2022,Fermersleber Weg,261,263,524
2022,Universitätsklinikum,87,162,249
2022,Schilfbreite,2921,3010,5931
2022,Insel,781,672,1453
2022,Alt Reform,936,1068,2004
2022,Quittenweg,898,1030,1928
2022,Neu Reform,2620,3265,5885
2022,Planeten- und SKL-Siedlung,720,714,1434
2022,Bördecenter,306,299,605
2022,Hopfengarten,921,947,1868
2022,Lindenhof,584,523,1107
2022,Fauler Grund,747,724,1471
2022,Flugplatz,. ,. ,8
2022,Großer Wiesengraben,5,0,5
2022,Engpaß,2044,1908,3952
2022,Bleckenburgstraße/Jahnring,906,1015,1921
2022,Klosterbergegarten,0,0,0
2022,Gewerbegebiet Buckau,293,316,609
2022,Siedlung Fermersleben,1094,1047,2141
2022,Alt Fermersleben,779,683,1462
2022,Salbker Seen,4,4,8
2022,Alt Salbke,688,573,1261
2022,Unterhorstweg,853,811,1664
2022,Gewerbegebiet Salbke,23,22,45
2022,Lüttgen-Salbke,615,615,1230
2022,Friedrich-List-Straße,. ,. ,10
2022,Am Spionskopf,173,146,319
2022,Fahlberg List,0,0,0
2022,Sohlener Berge,. ,. ,4
2022,Alt Westerhüsen,466,428,894
2022,Wohngebiet Welsleber Straße,533,523,1056
2022,Gewerbegebiet Welsleber Straße,153,167,320
2022,Westerhüsener Park,465,490,955
2022,Neue Siedlung,68,76,144
2022,Frohser Berg,. ,. ,5
2022,Heumarkt,602,600,1202
2022,Dessauer Straße,962,1071,2033
2022,Gübser Weg,112,104,216
2022,Steinwiese,330,316,646
2022,Puppendorf,277,281,558
2022,Neugrüneberg,379,389,768
2022,Stadion Neue Welt,12,8,20
2022,Friedensweiler,172,181,353
2022,Berliner Chaussee,20,19,39
2022,Alt Cracau,1594,1723,3317
2022,Siedlung Cracau,1597,1718,3315
2022,Wiesengrund/Zur Pappel,669,737,1406
2022,Stadion,16,8,24
2022,Prester,1043,1022,2065
2022,Prestersee,. ,0,. 
2022,Zipkeleben,147,132,279
2022,Kreuzhorst,0,0,0
2022,Cracauer Anger,752,568,1320
2022,Herrenkrug/Biederitzer Busch,9,13,22
2022,Alt Rothensee,988,943,1931
2022,Hillersleber Straße,293,236,529
2022,Siedlung Rothensee,215,202,417
2022,Gewerbegebiet Windmühlenstraße,31,33,64
2022,Bahnhof Rothensee,20,12,32
2022,Industriehafen,167,25,192
2022,Hafen,0,0,0
2022,August-Bebel-Damm,11,8,19
2022,Barleber Wiese,0,0,0
2022,Barleber See I,. ,. ,7
2022,Barleber See II,0,0,0
2022,Schiffshebewerk,35,40,75
2022,Autobahnanschlußstelle,0,0,0
2022,Schrote/Autobahn,0,0,0
2022,Pechau,269,252,521
2022,Randau,237,224,461
2022,Calenberge,45,47,92
2022,Beyendorf,333,329,662
2022,Sohlen,308,286,594
2022,Magdeburg,119862,122891,242753
