Year,Age_Group,Total,Male,Female,Male_Surplus,Female_Surplus
2025,1,1461,754,707,47.0,0.0
2025,2,1582,812,770,42.0,0.0
2025,3,1712,864,848,16.0,0.0
2025,4,1902,990,912,78.0,0.0
2025,5,2021,1030,991,39.0,0.0
2025,6,2051,1051,1000,51.0,0.0
2025,7,2036,1028,1008,20.0,0.0
2025,8,2123,1054,1069,0.0,15.0
2025,9,2163,1124,1039,85.0,0.0
2025,10,2274,1188,1086,102.0,0.0
2025,11,2152,1089,1063,26.0,0.0
2025,12,2171,1174,997,177.0,0.0
2025,13,2047,1054,993,61.0,0.0
2025,14,2142,1097,1045,52.0,0.0
2025,15,2128,1104,1024,80.0,0.0
2025,16,2043,1023,1020,3.0,0.0
2025,17,1980,1011,969,42.0,0.0
2025,18,2189,1119,1070,49.0,0.0
2025,19,2274,1190,1084,106.0,0.0
2025,20,2614,1406,1208,198.0,0.0
2025,21,2932,1483,1449,34.0,0.0
2025,22,3249,1696,1553,143.0,0.0
2025,23,3201,1669,1532,137.0,0.0
2025,24,3555,1887,1668,219.0,0.0
2025,25,3909,2147,1762,385.0,0.0
2025,26,4027,2263,1764,499.0,0.0
2025,27,3979,2309,1670,639.0,0.0
2025,28,3777,2119,1658,461.0,0.0
2025,29,3825,2220,1605,615.0,0.0
2025,30,3373,1916,1457,459.0,0.0
2025,31,3074,1764,1310,454.0,0.0
2025,32,2947,1717,1230,487.0,0.0
2025,33,2777,1547,1230,317.0,0.0
2025,34,2701,1494,1207,287.0,0.0
2025,35,2961,1635,1326,309.0,0.0
2025,36,3810,2107,1703,404.0,0.0
2025,37,3684,1940,1744,196.0,0.0
2025,38,3704,2012,1692,320.0,0.0
2025,39,3687,2009,1678,331.0,0.0
2025,40,3477,1827,1650,177.0,0.0
2025,41,3406,1822,1584,238.0,0.0
2025,42,3483,1839,1644,195.0,0.0
2025,43,3207,1710,1497,213.0,0.0
2025,44,3277,1726,1551,175.0,0.0
2025,45,3072,1640,1432,208.0,0.0
2025,46,3072,1599,1473,126.0,0.0
2025,47,2929,1555,1374,181.0,0.0
2025,48,2857,1468,1389,79.0,0.0
2025,49,2790,1451,1339,112.0,0.0
2025,50,2461,1259,1202,57.0,0.0
2025,51,2360,1268,1092,176.0,0.0
2025,52,2264,1178,1086,92.0,0.0
2025,53,2334,1180,1154,26.0,0.0
2025,54,2569,1327,1242,85.0,0.0
2025,55,3015,1569,1446,123.0,0.0
2025,56,3023,1558,1465,93.0,0.0
2025,57,3204,1619,1585,34.0,0.0
2025,58,3110,1621,1489,132.0,0.0
2025,59,3151,1556,1595,0.0,39.0
2025,60,3180,1584,1596,0.0,12.0
2025,61,3349,1692,1657,35.0,0.0
2025,62,3373,1644,1729,0.0,85.0
2025,63,3595,1778,1817,0.0,39.0
2025,64,3419,1684,1735,0.0,51.0
2025,65,3275,1528,1747,0.0,219.0
2025,66,3214,1553,1661,0.0,108.0
2025,67,2976,1396,1580,0.0,184.0
2025,68,2726,1334,1392,0.0,58.0
2025,69,2759,1268,1491,0.0,223.0
2025,70,2767,1215,1552,0.0,337.0
2025,71,2869,1248,1621,0.0,373.0
2025,72,2726,1193,1533,0.0,340.0
2025,73,2747,1170,1577,0.0,407.0
2025,74,2799,1199,1600,0.0,401.0
2025,75,2698,1131,1567,0.0,436.0
2025,76,2627,1095,1532,0.0,437.0
2025,77,2320,904,1416,0.0,512.0
2025,78,2011,843,1168,0.0,325.0
2025,79,2068,839,1229,0.0,390.0
2025,80,1586,679,907,0.0,228.0
2025,81,1519,579,940,0.0,361.0
2025,82,2158,874,1284,0.0,410.0
2025,83,2140,871,1269,0.0,398.0
2025,84,2010,793,1217,0.0,424.0
2025,85,2253,893,1360,0.0,467.0
2025,86,2218,848,1370,0.0,522.0
2025,87,1894,722,1172,0.0,450.0
2025,88,1581,563,1018,0.0,455.0
2025,89,1357,496,861,0.0,365.0
2025,90,1090,373,717,0.0,344.0
2025,90 and older,3232,954,2278,0.0,1324.0
2025,Total inhabitants,245834,122811,123023,,
2024,1,1326,688,638,50.0,0.0
2024,2,1765,889,876,13.0,0.0
2024,3,1946,991,955,36.0,0.0
2024,4,2028,1044,984,60.0,0.0
2024,5,2064,1057,1007,50.0,0.0
2024,6,2086,1053,1033,20.0,0.0
2024,7,2161,1073,1088,0.0,15.0
2024,8,2170,1131,1039,92.0,0.0
2024,9,2296,1192,1104,88.0,0.0
2024,10,2150,1079,1071,8.0,0.0
2024,11,2178,1185,993,192.0,0.0
2024,12,2062,1052,1010,42.0,0.0
2024,13,2153,1105,1048,57.0,0.0
2024,14,2129,1102,1027,75.0,0.0
2024,15,2040,1015,1025,0.0,10.0
2024,16,1968,1012,956,56.0,0.0
2024,17,2124,1085,1039,46.0,0.0
2024,18,2031,1055,976,79.0,0.0
2024,19,2262,1229,1033,196.0,0.0
2024,20,2596,1324,1272,52.0,0.0
2024,21,2881,1513,1368,145.0,0.0
2024,22,2885,1418,1467,0.0,49.0
2024,23,3262,1666,1596,70.0,0.0
2024,24,3689,2013,1676,337.0,0.0
2024,25,3901,2168,1733,435.0,0.0
2024,26,3902,2243,1659,584.0,0.0
2024,27,3766,2116,1650,466.0,0.0
2024,28,3812,2186,1626,560.0,0.0
2024,29,3454,1971,1483,488.0,0.0
2024,30,3139,1810,1329,481.0,0.0
2024,31,2983,1723,1260,463.0,0.0
2024,32,2787,1556,1231,325.0,0.0
2024,33,2750,1518,1232,286.0,0.0
2024,34,3003,1657,1346,311.0,0.0
2024,35,3836,2120,1716,404.0,0.0
2024,36,3703,1948,1755,193.0,0.0
2024,37,3733,2034,1699,335.0,0.0
2024,38,3758,2044,1714,330.0,0.0
2024,39,3497,1850,1647,203.0,0.0
2024,40,3405,1819,1586,233.0,0.0
2024,41,3482,1832,1650,182.0,0.0
2024,42,3222,1739,1483,256.0,0.0
2024,43,3306,1749,1557,192.0,0.0
2024,44,3062,1635,1427,208.0,0.0
2024,45,3100,1626,1474,152.0,0.0
2024,46,2931,1556,1375,181.0,0.0
2024,47,2890,1486,1404,82.0,0.0
2024,48,2790,1459,1331,128.0,0.0
2024,49,2475,1268,1207,61.0,0.0
2024,50,2362,1261,1101,160.0,0.0
2024,51,2270,1180,1090,90.0,0.0
2024,52,2334,1171,1163,8.0,0.0
2024,53,2577,1341,1236,105.0,0.0
2024,54,3037,1583,1454,129.0,0.0
2024,55,3041,1574,1467,107.0,0.0
2024,56,3234,1641,1593,48.0,0.0
2024,57,3129,1630,1499,131.0,0.0
2024,58,3164,1567,1597,0.0,30.0
2024,59,3181,1582,1599,0.0,17.0
2024,60,3386,1722,1664,58.0,0.0
2024,61,3393,1660,1733,0.0,73.0
2024,62,3638,1802,1836,0.0,34.0
2024,63,3434,1690,1744,0.0,54.0
2024,64,3313,1548,1765,0.0,217.0
2024,65,3242,1586,1656,0.0,70.0
2024,66,3017,1422,1595,0.0,173.0
2024,67,2770,1374,1396,0.0,22.0
2024,68,2780,1281,1499,0.0,218.0
2024,69,2808,1241,1567,0.0,326.0
2024,70,2924,1286,1638,0.0,352.0
2024,71,2784,1230,1554,0.0,324.0
2024,72,2795,1200,1595,0.0,395.0
2024,73,2864,1236,1628,0.0,392.0
2024,74,2746,1149,1597,0.0,448.0
2024,75,2680,1128,1552,0.0,424.0
2024,76,2384,938,1446,0.0,508.0
2024,77,2061,874,1187,0.0,313.0
2024,78,2130,880,1250,0.0,370.0
2024,79,1640,711,929,0.0,218.0
2024,80,1580,611,969,0.0,358.0
2024,81,2252,913,1339,0.0,426.0
2024,82,2242,925,1317,0.0,392.0
2024,83,2122,835,1287,0.0,452.0
2024,84,2389,954,1435,0.0,481.0
2024,85,2378,933,1445,0.0,512.0
2024,86,2086,809,1277,0.0,468.0
2024,87,1745,631,1114,0.0,483.0
2024,88,1490,545,945,0.0,400.0
2024,89,1219,423,796,0.0,373.0
2024,90,1051,370,681,0.0,311.0
2024,90 and older,2910,822,2088,0.0,1266.0
2024,Total inhabitants,245521,122343,123178,,
2023,1,1551,795,756,39.0,0.0
2023,2,1950,993,957,36.0,0.0
2023,3,2021,1043,978,65.0,0.0
2023,4,2069,1057,1012,45.0,0.0
2023,5,2090,1063,1027,36.0,0.0
2023,6,2185,1087,1098,0.0,11.0
2023,7,2197,1155,1042,113.0,0.0
2023,8,2282,1183,1099,84.0,0.0
2023,9,2143,1087,1056,31.0,0.0
2023,10,2173,1181,992,189.0,0.0
2023,11,2057,1044,1013,31.0,0.0
2023,12,2157,1111,1046,65.0,0.0
2023,13,2101,1096,1005,91.0,0.0
2023,14,2035,1017,1018,0.0,1.0
2023,15,1944,1000,944,56.0,0.0
2023,16,2099,1078,1021,57.0,0.0
2023,17,1991,1045,946,99.0,0.0
2023,18,1997,1075,922,153.0,0.0
2023,19,2231,1147,1084,63.0,0.0
2023,20,2564,1354,1210,144.0,0.0
2023,21,2534,1241,1293,0.0,52.0
2023,22,2902,1446,1456,0.0,10.0
2023,23,3302,1738,1564,174.0,0.0
2023,24,3576,1938,1638,300.0,0.0
2023,25,3639,2062,1577,485.0,0.0
2023,26,3580,1982,1598,384.0,0.0
2023,27,3727,2100,1627,473.0,0.0
2023,28,3399,1901,1498,403.0,0.0
2023,29,3107,1778,1329,449.0,0.0
2023,30,2943,1678,1265,413.0,0.0
2023,31,2805,1558,1247,311.0,0.0
2023,32,2720,1513,1207,306.0,0.0
2023,33,2993,1649,1344,305.0,0.0
2023,34,3829,2114,1715,399.0,0.0
2023,35,3742,1975,1767,208.0,0.0
2023,36,3760,2038,1722,316.0,0.0
2023,37,3692,1992,1700,292.0,0.0
2023,38,3497,1856,1641,215.0,0.0
2023,39,3382,1795,1587,208.0,0.0
2023,40,3474,1808,1666,142.0,0.0
2023,41,3205,1726,1479,247.0,0.0
2023,42,3280,1715,1565,150.0,0.0
2023,43,3030,1618,1412,206.0,0.0
2023,44,3073,1607,1466,141.0,0.0
2023,45,2900,1532,1368,164.0,0.0
2023,46,2875,1477,1398,79.0,0.0
2023,47,2741,1431,1310,121.0,0.0
2023,48,2459,1269,1190,79.0,0.0
2023,49,2361,1264,1097,167.0,0.0
2023,50,2258,1181,1077,104.0,0.0
2023,51,2329,1173,1156,17.0,0.0
2023,52,2586,1347,1239,108.0,0.0
2023,53,3034,1581,1453,128.0,0.0
2023,54,3054,1576,1478,98.0,0.0
2023,55,3242,1646,1596,50.0,0.0
2023,56,3118,1626,1492,134.0,0.0
2023,57,3177,1575,1602,0.0,27.0
2023,58,3196,1587,1609,0.0,22.0
2023,59,3394,1737,1657,80.0,0.0
2023,60,3401,1666,1735,0.0,69.0
2023,61,3672,1833,1839,0.0,6.0
2023,62,3484,1725,1759,0.0,34.0
2023,63,3343,1567,1776,0.0,209.0
2023,64,3272,1608,1664,0.0,56.0
2023,65,3039,1438,1601,0.0,163.0
2023,66,2804,1397,1407,0.0,10.0
2023,67,2796,1302,1494,0.0,192.0
2023,68,2828,1256,1572,0.0,316.0
2023,69,2969,1311,1658,0.0,347.0
2023,70,2836,1269,1567,0.0,298.0
2023,71,2853,1234,1619,0.0,385.0
2023,72,2924,1279,1645,0.0,366.0
2023,73,2811,1184,1627,0.0,443.0
2023,74,2730,1154,1576,0.0,422.0
2023,75,2429,968,1461,0.0,493.0
2023,76,2128,911,1217,0.0,306.0
2023,77,2180,910,1270,0.0,360.0
2023,78,1686,732,954,0.0,222.0
2023,79,1634,637,997,0.0,360.0
2023,80,2349,963,1386,0.0,423.0
2023,81,2330,970,1360,0.0,390.0
2023,82,2224,890,1334,0.0,444.0
2023,83,2530,1028,1502,0.0,474.0
2023,84,2510,992,1518,0.0,526.0
2023,85,2235,873,1362,0.0,489.0
2023,86,1909,711,1198,0.0,487.0
2023,87,1608,594,1014,0.0,420.0
2023,88,1355,487,868,0.0,381.0
2023,89,1184,424,760,0.0,336.0
2023,90,936,319,617,0.0,298.0
2023,90 and older,2678,722,1956,0.0,1234.0
2023,Total inhabitants,243419,120795,122624,,
2022,1,1883,947,936,11.0,0.0
2022,2,2045,1055,990,65.0,0.0
2022,3,2057,1059,998,61.0,0.0
2022,4,2093,1060,1033,27.0,0.0
2022,5,2179,1072,1107,0.0,35.0
2022,6,2211,1161,1050,111.0,0.0
2022,7,2284,1188,1096,92.0,0.0
2022,8,2150,1089,1061,28.0,0.0
2022,9,2154,1169,985,184.0,0.0
2022,10,2062,1055,1007,48.0,0.0
2022,11,2148,1100,1048,52.0,0.0
2022,12,2091,1086,1005,81.0,0.0
2022,13,2040,1010,1030,0.0,20.0
2022,14,1954,1003,951,52.0,0.0
2022,15,2086,1068,1018,50.0,0.0
2022,16,1944,1008,936,72.0,0.0
2022,17,1912,1023,889,134.0,0.0
2022,18,1940,980,960,20.0,0.0
2022,19,2135,1094,1041,53.0,0.0
2022,20,2243,1120,1123,0.0,3.0
2022,21,2558,1264,1294,0.0,30.0
2022,22,3021,1529,1492,37.0,0.0
2022,23,3299,1724,1575,149.0,0.0
2022,24,3391,1865,1526,339.0,0.0
2022,25,3454,1852,1602,250.0,0.0
2022,26,3662,2039,1623,416.0,0.0
2022,27,3400,1911,1489,422.0,0.0
2022,28,3140,1783,1357,426.0,0.0
2022,29,2965,1668,1297,371.0,0.0
2022,30,2811,1572,1239,333.0,0.0
2022,31,2720,1474,1246,228.0,0.0
2022,32,3023,1638,1385,253.0,0.0
2022,33,3877,2134,1743,391.0,0.0
2022,34,3794,1977,1817,160.0,0.0
2022,35,3785,2049,1736,313.0,0.0
2022,36,3698,1981,1717,264.0,0.0
2022,37,3538,1876,1662,214.0,0.0
2022,38,3389,1795,1594,201.0,0.0
2022,39,3438,1782,1656,126.0,0.0
2022,40,3193,1712,1481,231.0,0.0
2022,41,3307,1734,1573,161.0,0.0
2022,42,3024,1629,1395,234.0,0.0
2022,43,3055,1601,1454,147.0,0.0
2022,44,2882,1522,1360,162.0,0.0
2022,45,2861,1467,1394,73.0,0.0
2022,46,2742,1438,1304,134.0,0.0
2022,47,2428,1238,1190,48.0,0.0
2022,48,2379,1272,1107,165.0,0.0
2022,49,2258,1178,1080,98.0,0.0
2022,50,2343,1183,1160,23.0,0.0
2022,51,2581,1341,1240,101.0,0.0
2022,52,3048,1590,1458,132.0,0.0
2022,53,3062,1580,1482,98.0,0.0
2022,54,3226,1639,1587,52.0,0.0
2022,55,3153,1651,1502,149.0,0.0
2022,56,3187,1593,1594,0.0,1.0
2022,57,3220,1608,1612,0.0,4.0
2022,58,3440,1771,1669,102.0,0.0
2022,59,3428,1682,1746,0.0,64.0
2022,60,3693,1848,1845,3.0,0.0
2022,61,3495,1728,1767,0.0,39.0
2022,62,3383,1589,1794,0.0,205.0
2022,63,3289,1616,1673,0.0,57.0
2022,64,3071,1460,1611,0.0,151.0
2022,65,2836,1426,1410,16.0,0.0
2022,66,2835,1332,1503,0.0,171.0
2022,67,2848,1273,1575,0.0,302.0
2022,68,3004,1336,1668,0.0,332.0
2022,69,2895,1308,1587,0.0,279.0
2022,70,2891,1257,1634,0.0,377.0
2022,71,2968,1309,1659,0.0,350.0
2022,72,2873,1223,1650,0.0,427.0
2022,73,2786,1192,1594,0.0,402.0
2022,74,2506,1014,1492,0.0,478.0
2022,75,2193,940,1253,0.0,313.0
2022,76,2244,946,1298,0.0,352.0
2022,77,1745,766,979,0.0,213.0
2022,78,1685,668,1017,0.0,349.0
2022,79,2440,1013,1427,0.0,414.0
2022,80,2467,1041,1426,0.0,385.0
2022,81,2341,955,1386,0.0,431.0
2022,82,2668,1088,1580,0.0,492.0
2022,83,2645,1059,1586,0.0,527.0
2022,84,2384,950,1434,0.0,484.0
2022,85,2082,785,1297,0.0,512.0
2022,86,1773,667,1106,0.0,439.0
2022,87,1522,554,968,0.0,414.0
2022,88,1318,486,832,0.0,346.0
2022,89,1086,386,700,0.0,314.0
2022,90,686,235,451,0.0,216.0
2022,90 and older,2710,723,1987,0.0,1264.0
2022,Total inhabitants,242753,119862,122891,,
2021,1,1965,1012,953,59.0,0.0
2021,2,2066,1070,996,74.0,0.0
2021,3,2098,1059,1039,20.0,0.0
2021,4,2119,1041,1078,0.0,37.0
2021,5,2159,1128,1031,97.0,0.0
2021,6,2236,1151,1085,66.0,0.0
2021,7,2095,1066,1029,37.0,0.0
2021,8,2084,1110,974,136.0,0.0
2021,9,1994,1014,980,34.0,0.0
2021,10,2072,1065,1007,58.0,0.0
2021,11,2012,1052,960,92.0,0.0
2021,12,1967,981,986,0.0,5.0
2021,13,1855,951,904,47.0,0.0
2021,14,2016,1031,985,46.0,0.0
2021,15,1865,951,914,37.0,0.0
2021,16,1797,961,836,125.0,0.0
2021,17,1809,905,904,1.0,0.0
2021,18,1852,941,911,30.0,0.0
2021,19,1893,969,924,45.0,0.0
2021,20,2229,1148,1081,67.0,0.0
2021,21,2734,1414,1320,94.0,0.0
2021,22,3033,1608,1425,183.0,0.0
2021,23,3088,1664,1424,240.0,0.0
2021,24,3267,1743,1524,219.0,0.0
2021,25,3558,1961,1597,364.0,0.0
2021,26,3404,1880,1524,356.0,0.0
2021,27,3165,1792,1373,419.0,0.0
2021,28,2993,1715,1278,437.0,0.0
2021,29,2848,1606,1242,364.0,0.0
2021,30,2772,1532,1240,292.0,0.0
2021,31,3059,1682,1377,305.0,0.0
2021,32,3975,2201,1774,427.0,0.0
2021,33,3822,2017,1805,212.0,0.0
2021,34,3867,2122,1745,377.0,0.0
2021,35,3724,2011,1713,298.0,0.0
2021,36,3537,1905,1632,273.0,0.0
2021,37,3332,1781,1551,230.0,0.0
2021,38,3424,1807,1617,190.0,0.0
2021,39,3149,1709,1440,269.0,0.0
2021,40,3265,1755,1510,245.0,0.0
2021,41,2982,1633,1349,284.0,0.0
2021,42,3016,1594,1422,172.0,0.0
2021,43,2840,1516,1324,192.0,0.0
2021,44,2794,1457,1337,120.0,0.0
2021,45,2687,1424,1263,161.0,0.0
2021,46,2400,1251,1149,102.0,0.0
2021,47,2344,1281,1063,218.0,0.0
2021,48,2218,1164,1054,110.0,0.0
2021,49,2296,1174,1122,52.0,0.0
2021,50,2542,1337,1205,132.0,0.0
2021,51,3010,1589,1421,168.0,0.0
2021,52,3007,1561,1446,115.0,0.0
2021,53,3150,1605,1545,60.0,0.0
2021,54,3141,1647,1494,153.0,0.0
2021,55,3164,1589,1575,14.0,0.0
2021,56,3205,1617,1588,29.0,0.0
2021,57,3429,1770,1659,111.0,0.0
2021,58,3434,1704,1730,0.0,26.0
2021,59,3703,1868,1835,33.0,0.0
2021,60,3489,1745,1744,1.0,0.0
2021,61,3392,1614,1778,0.0,164.0
2021,62,3290,1619,1671,0.0,52.0
2021,63,3063,1466,1597,0.0,131.0
2021,64,2827,1428,1399,29.0,0.0
2021,65,2847,1341,1506,0.0,165.0
2021,66,2847,1290,1557,0.0,267.0
2021,67,3026,1377,1649,0.0,272.0
2021,68,2919,1335,1584,0.0,249.0
2021,69,2917,1281,1636,0.0,355.0
2021,70,2984,1330,1654,0.0,324.0
2021,71,2910,1255,1655,0.0,400.0
2021,72,2822,1223,1599,0.0,376.0
2021,73,2545,1049,1496,0.0,447.0
2021,74,2237,972,1265,0.0,293.0
2021,75,2287,986,1301,0.0,315.0
2021,76,1791,792,999,0.0,207.0
2021,77,1739,696,1043,0.0,347.0
2021,78,2522,1056,1466,0.0,410.0
2021,79,2565,1089,1476,0.0,387.0
2021,80,2446,1020,1426,0.0,406.0
2021,81,2797,1157,1640,0.0,483.0
2021,82,2790,1123,1667,0.0,544.0
2021,83,2532,1035,1497,0.0,462.0
2021,84,2247,888,1359,0.0,471.0
2021,85,1930,731,1199,0.0,468.0
2021,86,1696,639,1057,0.0,418.0
2021,87,1476,554,922,0.0,368.0
2021,88,1231,435,796,0.0,361.0
2021,89,805,286,519,0.0,233.0
2021,90,717,256,461,0.0,205.0
2021,90 and older,2723,705,2018,0.0,1313.0
2021,Total inhabitants,239970,119065,120905,,
